measurementId,elapsedSeconds,outsideTemperatureC,cabinSensorMedianC
1,0.000000000,46.466959188,49.374551282
2,13.835511145,46.466959188,49.304551282
3,27.671022291,46.466959188,49.304551282
4,41.506533436,46.466959188,49.304551282
5,55.342044581,46.466959188,49.244551282
6,69.177555726,46.416959188,49.244551282
7,83.013066872,46.416959188,49.184551282
8,96.848578017,46.416959188,49.184551282
9,110.684089162,46.436959188,49.184551282
10,124.519600307,46.436959188,49.124551282
11,138.355111453,46.436959188,49.124551282
12,152.190622598,46.436959188,49.124551282
13,166.026133743,46.396959188,49.124551282
14,179.861644889,46.396959188,49.124551282
15,193.697156034,46.396959188,49.124551282
16,207.532667179,46.356959188,49.124551282
17,221.368178324,46.296959188,49.124551282
18,235.203689470,46.266959188,49.124551282
19,249.039200615,46.266959188,49.124551282
20,262.874711760,46.266959188,49.054551282
21,276.710222905,46.146959188,49.054551282
22,290.545734051,46.096959188,49.124551282
23,304.381245196,46.166959188,49.124551282
24,318.216756341,46.116959188,49.124551282
25,332.052267487,46.046959188,49.124551282
26,345.887778632,46.056959188,49.124551282
27,359.723289777,46.046959188,49.184551282
28,373.558800922,46.116959188,49.184551282
29,387.394312068,46.116959188,49.184551282
30,401.229823213,46.116959188,49.184551282
31,415.065334358,46.066959188,49.184551282
32,428.900845503,45.996959188,49.184551282
33,442.736356649,45.956959188,49.184551282
34,456.571867794,45.896959188,49.184551282
35,470.407378939,45.816959188,49.244551282
36,484.242890085,45.756959188,49.184551282
37,498.078401230,45.686959188,49.244551282
38,511.913912375,45.546959188,49.244551282
39,525.749423520,45.266959188,49.244551282
40,539.584934666,45.036959188,49.304551282
41,553.420445811,44.876959188,49.304551282
42,567.255956956,44.676959188,49.304551282
43,581.091468101,44.376959188,49.304551282
44,594.926979247,44.316959188,49.304551282
45,608.762490392,44.036959188,49.374551282
46,622.598001537,43.956959188,49.374551282
47,636.433512683,43.946959188,49.374551282
48,650.269023828,43.766959188,49.374551282
49,664.104534973,43.516959188,49.434551282
50,677.940046118,43.456959188,49.434551282
51,691.775557264,43.286959188,49.494551282
52,705.611068409,42.916959188,49.494551282
53,719.446579554,42.866959188,49.494551282
54,733.282090699,42.716959188,49.494551282
55,747.117601845,41.856959188,49.494551282
56,760.953112990,41.716959188,49.494551282
57,774.788624135,41.586959188,49.494551282
58,788.624135281,41.586959188,49.554551282
59,802.459646426,41.586959188,49.554551282
60,816.295157571,41.586959188,49.554551282
61,830.130668716,41.376959188,49.554551282
62,843.966179862,40.866959188,49.554551282
63,857.801691007,40.766959188,49.624551282
64,871.637202152,40.616959188,49.624551282
65,885.472713297,40.616959188,49.624551282
66,899.308224443,40.586959188,49.684551282
67,913.143735588,40.376959188,49.624551282
68,926.979246733,40.066959188,49.684551282
69,940.814757879,40.066959188,49.684551282
70,954.650269024,40.066959188,49.684551282
71,968.485780169,40.066959188,49.684551282
72,982.321291314,39.916959188,49.684551282
73,996.156802460,39.816959188,49.684551282
74,1009.992313605,39.716959188,49.684551282
75,1023.827824750,39.716959188,49.744551282
76,1037.663335895,39.716959188,49.744551282
77,1051.498847041,39.716959188,49.684551282
78,1065.334358186,39.716959188,49.744551282
79,1079.169869331,39.716959188,49.744551282
80,1093.005380477,39.666959188,49.744551282
81,1106.840891622,39.616959188,49.804551282
82,1120.676402767,39.566959188,49.744551282
83,1134.511913912,39.586959188,49.804551282
84,1148.347425058,39.586959188,49.744551282
85,1162.182936203,39.546959188,49.804551282
86,1176.018447348,39.546959188,49.804551282
87,1189.853958493,39.546959188,49.804551282
88,1203.689469639,39.546959188,49.804551282
89,1217.524980784,39.486959188,49.804551282
90,1231.360491929,39.416959188,49.804551282
91,1245.196003075,39.396959188,49.804551282
92,1259.031514220,39.396959188,49.804551282
93,1272.867025365,39.396959188,49.804551282
94,1286.702536510,39.396959188,49.804551282
95,1300.538047656,39.396959188,49.874551282
96,1314.373558801,39.396959188,49.804551282
97,1328.209069946,39.396959188,49.804551282
98,1342.044581091,39.376959188,49.804551282
99,1355.880092237,39.296959188,49.874551282
100,1369.715603382,39.266959188,49.804551282
101,1383.551114527,39.266959188,49.874551282
102,1397.386625673,39.266959188,49.874551282
103,1411.222136818,39.266959188,49.874551282
104,1425.057647963,39.266959188,49.804551282
105,1438.893159108,39.266959188,49.804551282
106,1452.728670254,39.266959188,49.804551282
107,1466.564181399,39.216959188,49.804551282
108,1480.399692544,39.196959188,49.804551282
109,1494.235203689,39.186959188,49.804551282
110,1508.070714835,39.166959188,49.804551282
111,1521.906225980,39.136959188,49.804551282
112,1535.741737125,39.136959188,49.804551282
113,1549.577248271,39.136959188,49.804551282
114,1563.412759416,39.116959188,49.744551282
115,1577.248270561,39.106959188,49.744551282
116,1591.083781706,39.086959188,49.804551282
117,1604.919292852,39.086959188,49.804551282
118,1618.754803997,39.086959188,49.744551282
119,1632.590315142,39.086959188,49.804551282
120,1646.425826287,39.086959188,49.744551282
121,1660.261337433,39.096959188,49.744551282
122,1674.096848578,39.076959188,49.684551282
123,1687.932359723,39.086959188,49.744551282
124,1701.767870869,39.066959188,49.744551282
125,1715.603382014,39.066959188,49.744551282
126,1729.438893159,39.066959188,49.744551282
127,1743.274404304,39.066959188,49.744551282
128,1757.109915450,39.066959188,49.684551282
129,1770.945426595,39.066959188,49.744551282
130,1784.780937740,39.066959188,49.684551282
131,1798.616448885,39.066959188,49.684551282
132,1812.451960031,39.066959188,49.684551282
133,1826.287471176,39.026959188,49.684551282
134,1840.122982321,39.026959188,49.684551282
135,1853.958493467,39.016959188,49.684551282
136,1867.794004612,38.966959188,49.684551282
137,1881.629515757,38.966959188,49.624551282
138,1895.465026902,38.966959188,49.684551282
139,1909.300538048,38.966959188,49.624551282
140,1923.136049193,38.966959188,49.624551282
141,1936.971560338,38.966959188,49.624551282
142,1950.807071483,38.866959188,49.624551282
143,1964.642582629,38.766959188,49.624551282
144,1978.478093774,38.716959188,49.624551282
145,1992.313604919,38.596959188,49.554551282
146,2006.149116065,38.416959188,49.554551282
147,2019.984627210,38.406959188,49.554551282
148,2033.820138355,38.266959188,49.554551282
149,2047.655649500,37.716959188,49.554551282
150,2061.491160646,37.396959188,49.554551282
151,2075.326671791,37.106959188,49.494551282
152,2089.162182936,36.866959188,49.494551282
153,2102.997694081,36.616959188,49.494551282
154,2116.833205227,36.216959188,49.494551282
155,2130.668716372,36.076959188,49.494551282
156,2144.504227517,35.716959188,49.494551282
157,2158.339738663,35.386959188,49.434551282
158,2172.175249808,35.116959188,49.434551282
159,2186.010760953,34.966959188,49.494551282
160,2199.846272098,34.916959188,49.434551282
161,2213.681783244,34.716959188,49.434551282
162,2227.517294389,34.576959188,49.434551282
163,2241.352805534,34.266959188,49.374551282
164,2255.188316679,34.106959188,49.304551282
165,2269.023827825,33.966959188,49.374551282
166,2282.859338970,33.846959188,49.374551282
167,2296.694850115,33.696959188,49.304551282
168,2310.530361261,33.606959188,49.304551282
169,2324.365872406,33.536959188,49.304551282
170,2338.201383551,33.406959188,49.244551282
171,2352.036894696,33.376959188,49.244551282
172,2365.872405842,33.266959188,49.244551282
173,2379.707916987,33.176959188,49.127420057
174,2393.543428132,33.046959188,49.127420057
175,2407.378939277,32.966959188,49.007420057
176,2421.214450423,32.786959188,48.877420057
177,2435.049961568,32.786959188,48.877420057
178,2448.885472713,32.786959188,48.757420057
179,2462.720983859,32.766959188,48.627420057
180,2476.556495004,32.716959188,48.567420057
181,2490.392006149,32.716959188,48.437420057
182,2504.227517294,32.656959188,48.437420057
183,2518.063028440,32.616959188,48.317420057
184,2531.898539585,32.536959188,48.257420057
185,2545.734050730,32.536959188,48.127420057
186,2559.569561875,32.536959188,48.067420057
187,2573.405073021,32.536959188,48.007420057
188,2587.240584166,32.516959188,47.937420057
189,2601.076095311,32.456959188,47.877420057
190,2614.911606457,32.456959188,47.757420057
191,2628.747117602,32.406959188,47.687420057
192,2642.582628747,32.406959188,47.627420057
193,2656.418139892,32.406959188,47.567420057
194,2670.253651038,32.406959188,47.437420057
195,2684.089162183,32.406959188,47.377420057
196,2697.924673328,32.406959188,47.317420057
197,2711.760184473,32.466959188,47.187420057
198,2725.595695619,32.466959188,47.067420057
199,2739.431206764,32.466959188,46.877420057
200,2753.266717909,32.596959188,46.757420057
201,2767.102229055,32.406959188,46.627420057
202,2780.937740200,32.346959188,46.437420057
203,2794.773251345,32.216959188,46.257420057
204,2808.608762490,32.276959188,46.187420057
205,2822.444273636,32.276959188,46.127420057
206,2836.279784781,31.906959188,46.067420057
207,2850.115295926,31.966959188,46.007420057
208,2863.950807071,31.906959188,45.937420057
209,2877.786318217,32.026959188,45.877420057
210,2891.621829362,31.846959188,45.817420057
211,2905.457340507,31.776959188,45.687420057
212,2919.292851653,31.656959188,45.627420057
213,2933.128362798,31.526959188,45.627420057
214,2946.963873943,31.596959188,45.507420057
215,2960.799385088,31.466959188,45.507420057
216,2974.634896234,31.466959188,45.377420057
217,2988.470407379,31.406959188,45.377420057
218,3002.305918524,31.346959188,45.317420057
219,3016.141429669,31.346959188,45.187420057
220,3029.976940815,31.216959188,45.187420057
221,3043.812451960,31.156959188,45.127420057
222,3057.647963105,31.276959188,45.067420057
223,3071.483474251,31.346959188,45.007420057
224,3085.318985396,31.406959188,44.937420057
225,3099.154496541,31.526959188,44.877420057
226,3112.990007686,31.596959188,44.817420057
227,3126.825518832,31.716959188,44.757420057
228,3140.661029977,31.846959188,44.757420057
229,3154.496541122,31.776959188,44.687420057
230,3168.332052267,31.776959188,44.627420057
231,3182.167563413,31.716959188,44.567420057
232,3196.003074558,31.656959188,44.507420057
233,3209.838585703,31.526959188,44.437420057
234,3223.674096849,31.466959188,44.437420057
235,3237.509607994,31.346959188,44.377420057
236,3251.345119139,31.216959188,44.317420057
237,3265.180630284,31.156959188,44.257420057
238,3279.016141430,31.216959188,44.187420057
239,3292.851652575,31.156959188,44.127420057
240,3306.687163720,31.096959188,44.127420057
241,3320.522674865,31.156959188,44.067420057
242,3334.358186011,31.026959188,43.937420057
243,3348.193697156,31.026959188,43.937420057
244,3362.029208301,30.966959188,43.877420057
245,3375.864719447,30.906959188,43.817420057
246,3389.700230592,30.906959188,43.757420057
247,3403.535741737,30.846959188,43.757420057
248,3417.371252882,30.776959188,43.687420057
249,3431.206764028,30.776959188,43.627420057
250,3445.042275173,30.846959188,43.567420057
251,3458.877786318,30.906959188,43.507420057
252,3472.713297463,30.906959188,43.437420057
253,3486.548808609,30.966959188,43.437420057
254,3500.384319754,30.966959188,43.317420057
255,3514.219830899,31.026959188,43.377420057
256,3528.055342045,30.966959188,43.317420057
257,3541.890853190,30.906959188,43.257420057
258,3555.726364335,30.906959188,43.187420057
259,3569.561875480,30.846959188,43.187420057
260,3583.397386626,30.906959188,43.127420057
261,3597.232897771,31.026959188,43.067420057
262,3611.068408916,31.026959188,43.067420057
263,3624.903920061,31.096959188,43.007420057
264,3638.739431207,31.216959188,43.007420057
265,3652.574942352,31.216959188,42.937420057
266,3666.410453497,31.156959188,42.877420057
267,3680.245964643,31.156959188,42.817420057
268,3694.081475788,31.216959188,42.817420057
269,3707.916986933,31.216959188,42.757420057
270,3721.752498078,31.216959188,42.687420057
271,3735.588009224,31.216959188,42.687420057
272,3749.423520369,31.096959188,42.627420057
273,3763.259031514,30.906959188,42.627420057
274,3777.094542659,30.846959188,42.567420057
275,3790.930053805,30.846959188,42.507420057
276,3804.765564950,30.776959188,42.507420057
277,3818.601076095,30.776959188,42.437420057
278,3832.436587241,30.716959188,42.437420057
279,3846.272098386,30.906959188,42.317420057
280,3860.107609531,30.966959188,42.317420057
281,3873.943120676,30.906959188,42.257420057
282,3887.778631822,30.966959188,42.257420057
283,3901.614142967,30.846959188,42.187420057
284,3915.449654112,30.966959188,42.127420057
285,3929.285165257,30.966959188,42.067420057
286,3943.120676403,30.966959188,42.067420057
287,3956.956187548,31.026959188,42.007420057
288,3970.791698693,30.966959188,42.007420057
289,3984.627209839,30.846959188,41.937420057
290,3998.462720984,30.716959188,41.937420057
291,4012.298232129,30.716959188,41.877420057
292,4026.133743274,30.716959188,41.877420057
293,4039.969254420,30.656959188,41.817420057
294,4053.804765565,30.656959188,41.757420057
295,4067.640276710,30.656959188,41.757420057
296,4081.475787855,30.656959188,41.687420057
297,4095.311299001,30.526959188,41.687420057
298,4109.146810146,30.526959188,41.627420057
299,4122.982321291,30.656959188,41.627420057
300,4136.817832437,30.656959188,41.567420057
301,4150.653343582,30.716959188,41.567420057
302,4164.488854727,30.716959188,41.507420057
303,4178.324365872,30.656959188,41.437420057
304,4192.159877018,30.586959188,41.437420057
305,4205.995388163,30.716959188,41.377420057
306,4219.830899308,30.776959188,41.437420057
307,4233.666410453,30.966959188,41.317420057
308,4247.501921599,31.026959188,41.257420057
309,4261.337432744,31.026959188,41.257420057
310,4275.172943889,31.216959188,41.257420057
311,4289.008455035,31.216959188,41.187420057
312,4302.843966180,31.156959188,41.187420057
313,4316.679477325,31.096959188,41.127420057
314,4330.514988470,31.026959188,41.067420057
315,4344.350499616,31.096959188,41.067420057
316,4358.186010761,31.026959188,41.067420057
317,4372.021521906,31.026959188,41.007420057
318,4385.857033051,30.966959188,41.067420057
319,4399.692544197,30.906959188,40.937420057
320,4413.528055342,30.846959188,40.937420057
321,4427.363566487,30.776959188,40.877420057
322,4441.199077633,30.716959188,40.877420057
323,4455.034588778,30.776959188,40.877420057
324,4468.870099923,30.716959188,40.817420057
325,4482.705611068,30.776959188,40.817420057
326,4496.541122214,30.776959188,40.757420057
327,4510.376633359,30.776959188,40.757420057
328,4524.212144504,30.846959188,40.687420057
329,4538.047655650,30.776959188,40.687420057
330,4551.883166795,30.846959188,40.687420057
331,4565.718677940,30.846959188,40.627420057
332,4579.554189085,30.906959188,40.573890771
333,4593.389700231,30.966959188,40.573890771
334,4607.225211376,30.846959188,40.513890771
335,4621.060722521,30.846959188,40.507420057
336,4634.896233666,30.656959188,40.443890771
337,4648.731744812,30.586959188,40.443890771
338,4662.567255957,30.526959188,40.443890771
339,4676.402767102,30.526959188,40.383890771
340,4690.238278248,30.586959188,40.383890771
341,4704.073789393,30.586959188,40.383890771
342,4717.909300538,30.406959188,40.323890771
343,4731.744811683,30.216959188,40.383890771
344,4745.580322829,30.216959188,40.323890771
345,4759.415833974,30.276959188,40.323890771
346,4773.251345119,30.276959188,40.323890771
347,4787.086856264,30.406959188,40.323890771
348,4800.922367410,30.276959188,40.263890771
349,4814.757878555,30.406959188,40.263890771
350,4828.593389700,30.406959188,40.193890771
351,4842.428900846,30.406959188,40.193890771
352,4856.264411991,30.406959188,40.193890771
353,4870.099923136,30.336959188,40.193890771
354,4883.935434281,30.276959188,40.193890771
355,4897.770945427,30.276959188,40.073890771
356,4911.606456572,30.216959188,40.073890771
357,4925.441967717,30.276959188,40.073890771
358,4939.277478862,30.276959188,40.073890771
359,4953.112990008,30.156959188,40.073890771
360,4966.948501153,30.216959188,40.013890771
361,4980.784012298,30.086959188,39.943890771
362,4994.619523444,30.026959188,39.943890771
363,5008.455034589,29.966959188,39.943890771
364,5022.290545734,29.776959188,39.883890771
365,5036.126056879,29.776959188,39.883890771
366,5049.961568025,29.836959188,39.883890771
367,5063.797079170,29.966959188,39.883890771
368,5077.632590315,29.906959188,39.823890771
369,5091.468101460,29.836959188,39.763890771
370,5105.303612606,29.776959188,39.763890771
371,5119.139123751,29.776959188,39.763890771
372,5132.974634896,29.716959188,39.693890771
373,5146.810146042,29.776959188,39.693890771
374,5160.645657187,29.776959188,39.693890771
375,5174.481168332,29.836959188,39.693890771
376,5188.316679477,29.776959188,39.633890771
377,5202.152190623,29.776959188,39.573890771
378,5215.987701768,29.836959188,39.573890771
379,5229.823212913,29.716959188,39.573890771
380,5243.658724058,29.656959188,39.573890771
381,5257.494235204,29.586959188,39.513890771
382,5271.329746349,29.586959188,39.513890771
383,5285.165257494,29.656959188,39.443890771
384,5299.000768640,29.656959188,39.383890771
385,5312.836279785,29.656959188,39.383890771
386,5326.671790930,29.586959188,39.383890771
387,5340.507302075,29.656959188,39.263890771
388,5354.342813221,29.656959188,39.263890771
389,5368.178324366,29.656959188,39.263890771
390,5382.013835511,29.656959188,39.193890771
391,5395.849346656,29.716959188,39.193890771
392,5409.684857802,29.836959188,39.133890771
393,5423.520368947,29.906959188,39.133890771
394,5437.355880092,29.906959188,39.133890771
395,5451.191391238,29.966959188,39.133890771
396,5465.026902383,30.086959188,39.133890771
397,5478.862413528,30.086959188,39.073890771
398,5492.697924673,30.086959188,39.073890771
399,5506.533435819,30.086959188,39.013890771
400,5520.368946964,30.216959188,39.013890771
401,5534.204458109,30.216959188,39.013890771
402,5548.039969254,30.216959188,39.013890771
403,5561.875480400,30.156959188,38.943890771
404,5575.710991545,30.156959188,39.013890771
405,5589.546502690,30.156959188,39.013890771
406,5603.382013836,30.086959188,38.943890771
407,5617.217524981,30.086959188,38.943890771
408,5631.053036126,30.086959188,38.943890771
409,5644.888547271,30.086959188,38.883890771
410,5658.724058417,30.086959188,38.943890771
411,5672.559569562,30.026959188,38.883890771
412,5686.395080707,30.026959188,38.883890771
413,5700.230591852,30.026959188,38.883890771
414,5714.066102998,29.966959188,38.883890771
415,5727.901614143,30.026959188,38.883890771
416,5741.737125288,30.086959188,38.883890771
417,5755.572636434,30.156959188,38.883890771
418,5769.408147579,30.276959188,38.883890771
419,5783.243658724,30.216959188,38.883890771
420,5797.079169869,30.156959188,38.883890771
421,5810.914681015,30.086959188,38.883890771
422,5824.750192160,30.156959188,38.823890771
423,5838.585703305,30.026959188,38.823890771
424,5852.421214450,30.026959188,38.823890771
425,5866.256725596,29.966959188,38.823890771
426,5880.092236741,30.026959188,38.823890771
427,5893.927747886,29.966959188,38.823890771
428,5907.763259032,29.906959188,38.763890771
429,5921.598770177,29.836959188,38.823890771
430,5935.434281322,29.836959188,38.823890771
431,5949.269792467,29.966959188,38.763890771
432,5963.105303613,29.966959188,38.823890771
433,5976.940814758,29.966959188,38.763890771
434,5990.776325903,29.966959188,38.763890771
435,6004.611837048,30.026959188,38.763890771
436,6018.447348194,30.026959188,38.763890771
437,6032.282859339,30.026959188,38.693890771
438,6046.118370484,30.086959188,38.693890771
439,6059.953881630,30.086959188,38.693890771
440,6073.789392775,30.086959188,38.693890771
441,6087.624903920,29.966959188,38.693890771
442,6101.460415065,29.966959188,38.633890771
443,6115.295926211,30.026959188,38.693890771
444,6129.131437356,29.906959188,38.693890771
445,6142.966948501,29.906959188,38.633890771
446,6156.802459646,29.906959188,38.633890771
447,6170.637970792,29.966959188,38.633890771
448,6184.473481937,29.906959188,38.633890771
449,6198.308993082,30.026959188,38.633890771
450,6212.144504228,30.026959188,38.633890771
451,6225.980015373,29.966959188,38.573890771
452,6239.815526518,29.966959188,38.633890771
453,6253.651037663,29.906959188,38.573890771
454,6267.486548809,29.906959188,38.573890771
455,6281.322059954,29.906959188,38.573890771
456,6295.157571099,29.906959188,38.513890771
457,6308.993082244,29.906959188,38.513890771
458,6322.828593390,29.836959188,38.513890771
459,6336.664104535,29.906959188,38.513890771
460,6350.499615680,29.776959188,38.513890771
461,6364.335126826,29.776959188,38.443890771
462,6378.170637971,29.836959188,38.443890771
463,6392.006149116,29.906959188,38.383890771
464,6405.841660261,29.906959188,38.383890771
465,6419.677171407,29.906959188,38.383890771
466,6433.512682552,29.836959188,38.383890771
467,6447.348193697,29.836959188,38.383890771
468,6461.183704842,29.776959188,38.383890771
469,6475.019215988,29.836959188,38.383890771
470,6488.854727133,29.836959188,38.383890771
471,6502.690238278,29.776959188,38.383890771
472,6516.525749424,29.716959188,38.383890771
473,6530.361260569,29.716959188,38.383890771
474,6544.196771714,29.586959188,38.323890771
475,6558.032282859,29.716959188,38.323890771
476,6571.867794005,29.716959188,38.323890771
477,6585.703305150,29.716959188,38.263890771
478,6599.538816295,29.716959188,38.263890771
479,6613.374327440,29.716959188,38.263890771
480,6627.209838586,29.776959188,38.263890771
481,6641.045349731,29.716959188,38.263890771
482,6654.880860876,29.716959188,38.193890771
483,6668.716372022,29.656959188,38.193890771
484,6682.551883167,29.716959188,38.193890771
485,6696.387394312,29.656959188,38.193890771
486,6710.222905457,29.716959188,38.193890771
487,6724.058416603,29.656959188,38.193890771
488,6737.893927748,29.656959188,38.133890771
489,6751.729438893,29.656959188,38.133890771
490,6765.564950038,29.656959188,38.193890771
491,6779.400461184,29.586959188,38.133890771
492,6793.235972329,29.656959188,38.133890771
493,6807.071483474,29.656959188,38.133890771
494,6820.906994620,29.716959188,38.133890771
495,6834.742505765,29.716959188,38.073890771
496,6848.578016910,29.776959188,38.133890771
497,6862.413528055,29.776959188,38.073890771
498,6876.249039201,29.716959188,38.013890771
499,6890.084550346,29.836959188,38.013890771
500,6903.920061491,29.776959188,38.013890771
501,6917.755572636,29.656959188,38.013890771
502,6931.591083782,29.526959188,38.013890771
503,6945.426594927,29.526959188,38.013890771
504,6959.262106072,29.526959188,37.943890771
505,6973.097617218,29.586959188,37.943890771
506,6986.933128363,29.716959188,37.943890771
507,7000.768639508,29.656959188,37.943890771
508,7014.604150653,29.656959188,37.883890771
509,7028.439661799,29.526959188,37.943890771
510,7042.275172944,29.466959188,37.943890771
511,7056.110684089,29.526959188,37.883890771
512,7069.946195234,29.526959188,37.883890771
513,7083.781706380,29.586959188,37.883890771
514,7097.617217525,29.526959188,37.883890771
515,7111.452728670,29.526959188,37.883890771
516,7125.288239816,29.586959188,37.823890771
517,7139.123750961,29.716959188,37.823890771
518,7152.959262106,29.716959188,37.763890771
519,7166.794773251,29.776959188,37.693890771
520,7180.630284397,29.836959188,37.763890771
521,7194.465795542,29.836959188,37.763890771
522,7208.301306687,29.836959188,37.693890771
523,7222.136817832,29.836959188,37.763890771
524,7235.972328978,29.966959188,37.763890771
525,7249.807840123,30.026959188,37.693890771
526,7263.643351268,30.086959188,37.763890771
527,7277.478862414,30.086959188,37.763890771
528,7291.314373559,30.156959188,37.763890771
529,7305.149884704,30.026959188,37.693890771
530,7318.985395849,30.086959188,37.763890771
531,7332.820906995,30.086959188,37.693890771
532,7346.656418140,30.086959188,37.693890771
533,7360.491929285,30.216959188,37.693890771
534,7374.327440430,30.276959188,37.693890771
535,7388.162951576,30.276959188,37.693890771
536,7401.998462721,30.336959188,37.693890771
537,7415.833973866,30.276959188,37.693890771
538,7429.669485012,30.216959188,37.693890771
539,7443.504996157,30.156959188,37.693890771
540,7457.340507302,30.086959188,37.693890771
541,7471.176018447,30.086959188,37.693890771
542,7485.011529593,29.906959188,37.693890771
543,7498.847040738,29.906959188,37.693890771
544,7512.682551883,29.966959188,37.693890771
545,7526.518063028,29.776959188,37.693890771
546,7540.353574174,29.776959188,37.693890771
547,7554.189085319,29.776959188,37.633890771
548,7568.024596464,29.656959188,37.633890771
549,7581.860107610,29.656959188,37.633890771
550,7595.695618755,29.586959188,37.633890771
551,7609.531129900,29.716959188,37.573890771
552,7623.366641045,29.776959188,37.573890771
553,7637.202152191,29.776959188,37.573890771
554,7651.037663336,29.836959188,37.573890771
555,7664.873174481,29.836959188,37.573890771
556,7678.708685626,29.836959188,37.573890771
557,7692.544196772,29.906959188,37.513890771
558,7706.379707917,29.836959188,37.513890771
559,7720.215219062,29.836959188,37.443890771
560,7734.050730208,29.836959188,37.513890771
561,7747.886241353,29.716959188,37.513890771
562,7761.721752498,29.776959188,37.513890771
563,7775.557263643,29.836959188,37.513890771
564,7789.392774789,29.906959188,37.443890771
565,7803.228285934,29.906959188,37.513890771
566,7817.063797079,29.836959188,37.443890771
567,7830.899308224,29.906959188,37.443890771
568,7844.734819370,29.966959188,37.443890771
569,7858.570330515,30.026959188,37.443890771
570,7872.405841660,30.026959188,37.443890771
571,7886.241352806,29.966959188,37.383890771
572,7900.076863951,29.966959188,37.383890771
573,7913.912375096,29.966959188,37.443890771
574,7927.747886241,30.026959188,37.443890771
575,7941.583397387,30.156959188,37.383890771
576,7955.418908532,30.026959188,37.383890771
577,7969.254419677,29.966959188,37.443890771
578,7983.089930822,29.966959188,37.443890771
579,7996.925441968,29.906959188,37.443890771
580,8010.760953113,29.776959188,37.383890771
581,8024.596464258,29.716959188,37.383890771
582,8038.431975404,29.776959188,37.383890771
583,8052.267486549,29.716959188,37.383890771
584,8066.102997694,29.716959188,37.323890771
585,8079.938508839,29.716959188,37.323890771
586,8093.774019985,29.656959188,37.323890771
587,8107.609531130,29.656959188,37.383890771
588,8121.445042275,29.526959188,37.323890771
589,8135.280553420,29.656959188,37.323890771
590,8149.116064566,29.656959188,37.323890771
591,8162.951575711,29.656959188,37.323890771
592,8176.787086856,29.656959188,37.263890771
593,8190.622598002,29.656959188,37.263890771
594,8204.458109147,29.716959188,37.263890771
595,8218.293620292,29.836959188,37.263890771
596,8232.129131437,29.966959188,37.193890771
597,8245.964642583,30.086959188,37.193890771
598,8259.800153728,30.086959188,37.263890771
599,8273.635664873,30.086959188,37.193890771
600,8287.471176018,30.156959188,37.193890771
601,8301.306687164,30.086959188,37.263890771
602,8315.142198309,29.966959188,37.193890771
603,8328.977709454,29.966959188,37.193890771
604,8342.813220600,30.026959188,37.193890771
605,8356.648731745,30.026959188,37.193890771
606,8370.484242890,29.966959188,37.193890771
607,8384.319754035,30.026959188,37.133890771
608,8398.155265181,30.026959188,37.133890771
609,8411.990776326,29.906959188,37.193890771
610,8425.826287471,29.906959188,37.133890771
611,8439.661798616,29.906959188,37.193890771
612,8453.497309762,29.836959188,37.133890771
613,8467.332820907,29.776959188,37.133890771
614,8481.168332052,29.776959188,37.133890771
615,8495.003843198,29.776959188,37.193890771
616,8508.839354343,29.776959188,37.133890771
617,8522.674865488,29.776959188,37.133890771
618,8536.510376633,29.776959188,37.133890771
619,8550.345887779,29.716959188,37.133890771
620,8564.181398924,29.656959188,37.094733689
621,8578.016910069,29.656959188,37.094733689
622,8591.852421214,29.586959188,37.034733689
623,8605.687932360,29.526959188,37.133890771
624,8619.523443505,29.526959188,37.034733689
625,8633.358954650,29.466959188,37.013890771
626,8647.194465796,29.526959188,37.013890771
627,8661.029976941,29.466959188,37.013890771
628,8674.865488086,29.406959188,36.974733689
629,8688.700999231,29.466959188,37.013890771
630,8702.536510377,29.526959188,36.904733689
631,8716.372021522,29.586959188,36.904733689
632,8730.207532667,29.586959188,36.904733689
633,8744.043043812,29.586959188,36.904733689
634,8757.878554958,29.586959188,36.904733689
635,8771.714066103,29.526959188,36.883890771
636,8785.549577248,29.526959188,36.883890771
637,8799.385088394,29.526959188,36.904733689
638,8813.220599539,29.466959188,36.844733689
639,8827.056110684,29.336959188,36.823890771
640,8840.891621829,29.336959188,36.823890771
641,8854.727132975,29.276959188,36.823890771
642,8868.562644120,29.336959188,36.823890771
643,8882.398155265,29.336959188,36.784733689
644,8896.233666410,29.276959188,36.823890771
645,8910.069177556,29.276959188,36.763890771
646,8923.904688701,29.156959188,36.763890771
647,8937.740199846,29.216959188,36.693890771
648,8951.575710992,29.276959188,36.693890771
649,8965.411222137,29.216959188,36.633890771
650,8979.246733282,29.216959188,36.633890771
651,8993.082244427,29.216959188,36.633890771
652,9006.917755573,29.216959188,36.633890771
653,9020.753266718,29.336959188,36.633890771
654,9034.588777863,29.336959188,36.573890771
655,9048.424289008,29.336959188,36.573890771
656,9062.259800154,29.406959188,36.573890771
657,9076.095311299,29.276959188,36.513890771
658,9089.930822444,29.276959188,36.573890771
659,9103.766333590,29.276959188,36.513890771
660,9117.601844735,29.276959188,36.513890771
661,9131.437355880,29.406959188,36.513890771
662,9145.272867025,29.406959188,36.443890771
663,9159.108378171,29.406959188,36.443890771
664,9172.943889316,29.406959188,36.443890771
665,9186.779400461,29.276959188,36.383890771
666,9200.614911606,29.406959188,36.443890771
667,9214.450422752,29.336959188,36.383890771
668,9228.285933897,29.336959188,36.383890771
669,9242.121445042,29.216959188,36.323890771
670,9255.956956188,29.156959188,36.323890771
671,9269.792467333,29.216959188,36.383890771
672,9283.627978478,29.276959188,36.323890771
673,9297.463489623,29.276959188,36.323890771
674,9311.299000769,29.216959188,36.263890771
675,9325.134511914,29.216959188,36.263890771
676,9338.970023059,29.276959188,36.263890771
677,9352.805534204,29.216959188,36.263890771
678,9366.641045350,29.276959188,36.263890771
679,9380.476556495,29.216959188,36.193890771
680,9394.312067640,29.156959188,36.193890771
681,9408.147578786,29.156959188,36.263890771
682,9421.983089931,29.156959188,36.193890771
683,9435.818601076,29.156959188,36.193890771
684,9449.654112221,28.966959188,36.193890771
685,9463.489623367,29.026959188,36.193890771
686,9477.325134512,29.026959188,36.154733689
687,9491.160645657,29.026959188,36.133890771
688,9504.996156802,29.026959188,36.133890771
689,9518.831667948,29.086959188,36.133890771
690,9532.667179093,29.026959188,36.073890771
691,9546.502690238,29.086959188,36.094733689
692,9560.338201384,29.026959188,36.073890771
693,9574.173712529,29.026959188,36.073890771
694,9588.009223674,29.026959188,36.013890771
695,9601.844734819,29.026959188,36.013890771
696,9615.680245965,29.026959188,35.974733689
697,9629.515757110,28.966959188,36.013890771
698,9643.351268255,29.026959188,36.013890771
699,9657.186779400,29.026959188,35.943890771
700,9671.022290546,29.026959188,35.943890771
701,9684.857801691,29.026959188,35.943890771
702,9698.693312836,29.026959188,35.943890771
703,9712.528823982,28.966959188,35.904733689
704,9726.364335127,28.836959188,35.844733689
705,9740.199846272,28.836959188,35.844733689
706,9754.035357417,28.776959188,35.784733689
707,9767.870868563,28.776959188,35.784733689
708,9781.706379708,28.776959188,35.724733689
709,9795.541890853,28.776959188,35.724733689
710,9809.377401998,28.776959188,35.594733689
711,9823.212913144,28.836959188,35.443890771
712,9837.048424289,28.836959188,35.383890771
713,9850.883935434,28.836959188,35.443890771
714,9864.719446580,28.906959188,35.443890771
715,9878.554957725,28.966959188,35.443890771
716,9892.390468870,29.086959188,35.443890771
717,9906.225980015,29.086959188,35.404733689
718,9920.061491161,29.086959188,35.404733689
719,9933.897002306,29.156959188,35.404733689
720,9947.732513451,29.216959188,35.344733689
721,9961.568024596,29.156959188,35.284733689
722,9975.403535742,29.216959188,35.344733689
723,9989.239046887,29.336959188,35.284733689
724,10003.074558032,29.466959188,35.284733689
725,10016.910069178,29.406959188,35.284733689
726,10030.745580323,29.466959188,35.224733689
727,10044.581091468,29.406959188,35.224733689
728,10058.416602613,29.336959188,35.224733689
729,10072.252113759,29.466959188,35.224733689
730,10086.087624904,29.526959188,35.224733689
731,10099.923136049,29.586959188,35.154733689
732,10113.758647194,29.586959188,35.154733689
733,10127.594158340,29.716959188,35.154733689
734,10141.429669485,29.716959188,35.154733689
735,10155.265180630,29.716959188,35.154733689
736,10169.100691776,29.656959188,35.154733689
737,10182.936202921,29.716959188,35.154733689
738,10196.771714066,29.716959188,35.224733689
739,10210.607225211,29.716959188,35.154733689
740,10224.442736357,29.716959188,35.224733689
741,10238.278247502,29.776959188,35.154733689
742,10252.113758647,29.776959188,35.154733689
743,10265.949269792,29.906959188,35.154733689
744,10279.784780938,29.906959188,35.154733689
745,10293.620292083,29.836959188,35.154733689
746,10307.455803228,29.836959188,35.154733689
747,10321.291314374,29.836959188,35.154733689
748,10335.126825519,29.716959188,35.154733689
749,10348.962336664,29.776959188,35.154733689
750,10362.797847809,29.836959188,35.154733689
751,10376.633358955,30.026959188,35.224733689
752,10390.468870100,30.026959188,35.154733689
753,10404.304381245,30.086959188,35.154733689
754,10418.139892390,30.156959188,35.094733689
755,10431.975403536,30.156959188,35.094733689
756,10445.810914681,30.216959188,35.094733689
757,10459.646425826,30.216959188,35.154733689
758,10473.481936972,30.276959188,35.154733689
759,10487.317448117,30.336959188,35.154733689
760,10501.152959262,30.276959188,35.154733689
761,10514.988470407,30.276959188,35.154733689
762,10528.823981553,30.216959188,35.154733689
763,10542.659492698,30.276959188,35.224733689
764,10556.495003843,30.276959188,35.224733689
765,10570.330514988,30.216959188,35.224733689
766,10584.166026134,30.216959188,35.224733689
767,10598.001537279,30.216959188,35.224733689
768,10611.837048424,30.216959188,35.154733689
769,10625.672559570,30.156959188,35.154733689
770,10639.508070715,30.216959188,35.224733689
771,10653.343581860,30.086959188,35.224733689
772,10667.179093005,30.086959188,35.154733689
773,10681.014604151,30.086959188,35.224733689
774,10694.850115296,29.966959188,35.224733689
775,10708.685626441,30.086959188,35.224733689
776,10722.521137586,30.026959188,35.224733689
777,10736.356648732,29.966959188,35.224733689
778,10750.192159877,29.966959188,35.224733689
779,10764.027671022,29.906959188,35.224733689
780,10777.863182168,29.906959188,35.224733689
781,10791.698693313,29.966959188,35.224733689
782,10805.534204458,29.906959188,35.224733689
783,10819.369715603,29.906959188,35.224733689
784,10833.205226749,29.966959188,35.224733689
785,10847.040737894,30.026959188,35.224733689
786,10860.876249039,29.966959188,35.224733689
787,10874.711760184,30.026959188,35.224733689
788,10888.547271330,29.966959188,35.154733689
789,10902.382782475,30.026959188,35.224733689
790,10916.218293620,30.026959188,35.224733689
791,10930.053804766,29.966959188,35.224733689
792,10943.889315911,29.906959188,35.224733689
793,10957.724827056,29.836959188,35.224733689
794,10971.560338201,29.906959188,35.224733689
795,10985.395849347,29.966959188,35.224733689
796,10999.231360492,29.966959188,35.224733689
797,11013.066871637,29.906959188,35.224733689
798,11026.902382782,29.906959188,35.154733689
799,11040.737893928,29.906959188,35.224733689
800,11054.573405073,29.906959188,35.224733689
801,11068.408916218,29.776959188,35.224733689
802,11082.244427364,29.716959188,35.224733689
803,11096.079938509,29.716959188,35.224733689
804,11109.915449654,29.716959188,35.224733689
805,11123.750960799,29.776959188,35.154733689
806,11137.586471945,29.716959188,35.154733689
807,11151.421983090,29.716959188,35.224733689
808,11165.257494235,29.716959188,35.154733689
809,11179.093005380,29.586959188,35.154733689
810,11192.928516526,29.406959188,35.154733689
811,11206.764027671,29.336959188,35.154733689
812,11220.599538816,29.406959188,35.094733689
813,11234.435049962,29.466959188,35.094733689
814,11248.270561107,29.466959188,35.094733689
815,11262.106072252,29.586959188,35.094733689
816,11275.941583397,29.656959188,35.034733689
817,11289.777094543,29.836959188,35.094733689
818,11303.612605688,29.966959188,35.034733689
819,11317.448116833,29.966959188,35.034733689
820,11331.283627978,29.966959188,35.034733689
821,11345.119139124,29.906959188,34.974733689
822,11358.954650269,29.776959188,34.974733689
823,11372.790161414,29.656959188,34.974733689
824,11386.625672560,29.586959188,34.974733689
825,11400.461183705,29.716959188,34.974733689
826,11414.296694850,29.716959188,34.974733689
827,11428.132205995,29.656959188,34.904733689
828,11441.967717141,29.526959188,34.974733689
829,11455.803228286,29.466959188,34.974733689
830,11469.638739431,29.406959188,34.974733689
831,11483.474250576,29.466959188,34.974733689
832,11497.309761722,29.406959188,34.904733689
833,11511.145272867,29.466959188,34.904733689
834,11524.980784012,29.406959188,34.844733689
835,11538.816295158,29.466959188,34.904733689
836,11552.651806303,29.526959188,34.844733689
837,11566.487317448,29.656959188,34.844733689
838,11580.322828593,29.526959188,34.844733689
839,11594.158339739,29.586959188,34.784733689
840,11607.993850884,29.526959188,34.844733689
841,11621.829362029,29.526959188,34.784733689
842,11635.664873174,29.406959188,34.784733689
843,11649.500384320,29.406959188,34.784733689
844,11663.335895465,29.406959188,34.724733689
845,11677.171406610,29.276959188,34.724733689
846,11691.006917756,29.276959188,34.724733689
847,11704.842428901,29.216959188,34.724733689
848,11718.677940046,29.216959188,34.724733689
849,11732.513451191,29.216959188,34.693890771
850,11746.348962337,29.086959188,34.654733689
851,11760.184473482,28.966959188,34.693890771
852,11774.019984627,28.966959188,34.633890771
853,11787.855495772,29.026959188,34.594733689
854,11801.691006918,29.026959188,34.633890771
855,11815.526518063,29.086959188,34.573890771
856,11829.362029208,29.086959188,34.573890771
857,11843.197540354,29.156959188,34.513890771
858,11857.033051499,29.086959188,34.513890771
859,11870.868562644,29.086959188,34.513890771
860,11884.704073789,29.026959188,34.474733689
861,11898.539584935,28.906959188,34.443890771
862,11912.375096080,28.906959188,34.383890771
863,11926.210607225,28.966959188,34.383890771
864,11940.046118370,29.026959188,34.323890771
865,11953.881629516,28.966959188,34.323890771
866,11967.717140661,28.836959188,34.323890771
867,11981.552651806,28.776959188,34.263890771
868,11995.388162952,28.716959188,34.263890771
869,12009.223674097,28.716959188,34.193890771
870,12023.059185242,28.776959188,34.263890771
871,12036.894696387,28.656959188,34.193890771
872,12050.730207533,28.716959188,34.133890771
873,12064.565718678,28.836959188,34.133890771
874,12078.401229823,28.836959188,34.193890771
875,12092.236740968,28.966959188,34.073890771
876,12106.072252114,28.966959188,34.073890771
877,12119.907763259,29.026959188,34.013890771
878,12133.743274404,28.966959188,34.013890771
879,12147.578785550,28.966959188,34.013890771
880,12161.414296695,28.836959188,34.013890771
881,12175.249807840,28.776959188,33.943890771
882,12189.085318985,28.656959188,33.943890771
883,12202.920830131,28.716959188,33.943890771
884,12216.756341276,28.836959188,33.883890771
885,12230.591852421,28.836959188,33.823890771
886,12244.427363566,28.966959188,33.823890771
887,12258.262874712,28.966959188,33.823890771
888,12272.098385857,28.776959188,33.823890771
889,12285.933897002,28.716959188,33.823890771
890,12299.769408148,28.776959188,33.823890771
891,12313.604919293,28.906959188,33.763890771
892,12327.440430438,28.966959188,33.763890771
893,12341.275941583,29.026959188,33.763890771
894,12355.111452729,29.086959188,33.693890771
895,12368.946963874,29.086959188,33.693890771
896,12382.782475019,29.086959188,33.693890771
897,12396.617986164,28.966959188,33.693890771
898,12410.453497310,28.906959188,33.693890771
899,12424.289008455,28.836959188,33.633890771
900,12438.124519600,28.776959188,33.633890771
901,12451.960030746,28.776959188,33.633890771
902,12465.795541891,28.776959188,33.693890771
903,12479.631053036,28.716959188,33.633890771
904,12493.466564181,28.586959188,33.633890771
905,12507.302075327,28.526959188,33.573890771
906,12521.137586472,28.586959188,33.573890771
907,12534.973097617,28.656959188,33.633890771
908,12548.808608762,28.586959188,33.573890771
909,12562.644119908,28.526959188,33.573890771
910,12576.479631053,28.586959188,33.573890771
911,12590.315142198,28.526959188,33.573890771
912,12604.150653344,28.526959188,33.513890771
913,12617.986164489,28.586959188,33.513890771
914,12631.821675634,28.586959188,33.513890771
915,12645.657186779,28.526959188,33.513890771
916,12659.492697925,28.466959188,33.513890771
917,12673.328209070,28.466959188,33.443890771
918,12687.163720215,28.586959188,33.443890771
919,12700.999231360,28.656959188,33.443890771
920,12714.834742506,28.656959188,33.443890771
921,12728.670253651,28.776959188,33.383890771
922,12742.505764796,28.656959188,33.383890771
923,12756.341275942,28.656959188,33.443890771
924,12770.176787087,28.526959188,33.383890771
925,12784.012298232,28.526959188,33.443890771
926,12797.847809377,28.526959188,33.383890771
927,12811.683320523,28.466959188,33.383890771
928,12825.518831668,28.406959188,33.323890771
929,12839.354342813,28.466959188,33.323890771
930,12853.189853958,28.526959188,33.263890771
931,12867.025365104,28.466959188,33.263890771
932,12880.860876249,28.526959188,33.263890771
933,12894.696387394,28.526959188,33.263890771
934,12908.531898540,28.586959188,33.263890771
935,12922.367409685,28.586959188,33.193890771
936,12936.202920830,28.656959188,33.193890771
937,12950.038431975,28.586959188,33.193890771
938,12963.873943121,28.586959188,33.133890771
939,12977.709454266,28.406959188,33.193890771
940,12991.544965411,28.406959188,33.133890771
941,13005.380476556,28.466959188,33.133890771
942,13019.215987702,28.526959188,33.133890771
943,13033.051498847,28.526959188,33.133890771
944,13046.887009992,28.466959188,33.133890771
945,13060.722521138,28.406959188,33.073890771
946,13074.558032283,28.466959188,33.133890771
947,13088.393543428,28.586959188,33.073890771
948,13102.229054573,28.586959188,33.073890771
949,13116.064565719,28.586959188,33.073890771
950,13129.900076864,28.466959188,33.073890771
951,13143.735588009,28.406959188,33.013890771
952,13157.571099154,28.406959188,33.013890771
953,13171.406610300,28.466959188,33.013890771
954,13185.242121445,28.336959188,33.013890771
955,13199.077632590,28.336959188,32.943890771
956,13212.913143736,28.336959188,32.943890771
957,13226.748654881,28.276959188,32.943890771
958,13240.584166026,28.336959188,32.943890771
959,13254.419677171,28.406959188,32.883890771
960,13268.255188317,28.276959188,32.883890771
961,13282.090699462,28.276959188,32.883890771
962,13295.926210607,28.216959188,32.883890771
963,13309.761721752,28.216959188,32.883890771
964,13323.597232898,28.216959188,32.883890771
965,13337.432744043,28.156959188,32.823890771
966,13351.268255188,28.086959188,32.823890771
967,13365.103766334,28.086959188,32.763890771
968,13378.939277479,28.086959188,32.763890771
969,13392.774788624,28.156959188,32.763890771
970,13406.610299769,28.216959188,32.763890771
971,13420.445810915,28.276959188,32.763890771
972,13434.281322060,28.216959188,32.693890771
973,13448.116833205,28.276959188,32.693890771
974,13461.952344351,28.336959188,32.763890771
975,13475.787855496,28.466959188,32.763890771
976,13489.623366641,28.466959188,32.693890771
977,13503.458877786,28.526959188,32.693890771
978,13517.294388932,28.526959188,32.693890771
979,13531.129900077,28.336959188,32.693890771
980,13544.965411222,28.276959188,32.693890771
981,13558.800922367,28.216959188,32.693890771
982,13572.636433513,28.156959188,32.693890771
983,13586.471944658,28.216959188,32.633890771
984,13600.307455803,28.156959188,32.654733689
985,13614.142966949,28.086959188,32.633890771
986,13627.978478094,28.086959188,32.633890771
987,13641.813989239,28.156959188,32.573890771
988,13655.649500384,28.156959188,32.573890771
989,13669.485011530,28.216959188,32.573890771
990,13683.320522675,28.276959188,32.573890771
991,13697.156033820,28.216959188,32.573890771
992,13710.991544965,28.276959188,32.534733689
993,13724.827056111,28.216959188,32.513890771
994,13738.662567256,28.216959188,32.474733689
995,13752.498078401,28.276959188,32.513890771
996,13766.333589547,28.276959188,32.513890771
997,13780.169100692,28.216959188,32.443890771
998,13794.004611837,28.156959188,32.474733689
999,13807.840122982,28.086959188,32.443890771
1000,13821.675634128,28.026959188,32.443890771
1001,13835.511145273,27.906959188,32.443890771
1002,13849.346656418,27.906959188,32.404733689
1003,13863.182167563,27.836959188,32.383890771
1004,13877.017678709,27.966959188,32.383890771
1005,13890.853189854,27.906959188,32.404733689
1006,13904.688700999,27.776959188,32.344733689
1007,13918.524212145,27.776959188,32.284733689
1008,13932.359723290,27.776959188,32.344733689
1009,13946.195234435,27.906959188,32.323890771
1010,13960.030745580,27.906959188,32.284733689
1011,13973.866256726,27.776959188,32.284733689
1012,13987.701767871,27.776959188,32.284733689
1013,14001.537279016,27.836959188,32.284733689
1014,14015.372790161,27.906959188,32.224733689
1015,14029.208301307,27.966959188,32.284733689
1016,14043.043812452,27.836959188,32.224733689
1017,14056.879323597,27.776959188,32.284733689
1018,14070.714834743,27.776959188,32.224733689
1019,14084.550345888,27.776959188,32.224733689
1020,14098.385857033,27.776959188,32.224733689
1021,14112.221368178,27.776959188,32.224733689
1022,14126.056879324,27.716959188,32.224733689
1023,14139.892390469,27.586959188,32.154733689
1024,14153.727901614,27.656959188,32.193890771
1025,14167.563412759,27.656959188,32.154733689
1026,14181.398923905,27.716959188,32.094733689
1027,14195.234435050,27.776959188,32.094733689
1028,14209.069946195,27.836959188,32.094733689
1029,14222.905457341,27.776959188,32.094733689
1030,14236.740968486,27.776959188,32.094733689
1031,14250.576479631,27.836959188,32.034733689
1032,14264.411990776,27.836959188,32.034733689
1033,14278.247501922,27.836959188,32.034733689
1034,14292.083013067,27.966959188,32.034733689
1035,14305.918524212,27.906959188,31.974733689
1036,14319.754035357,27.966959188,31.974733689
1037,14333.589546503,27.966959188,31.974733689
1038,14347.425057648,27.906959188,32.034733689
1039,14361.260568793,27.836959188,31.974733689
1040,14375.096079939,27.836959188,31.974733689
1041,14388.931591084,27.966959188,31.904733689
1042,14402.767102229,27.906959188,31.904733689
1043,14416.602613374,27.906959188,31.904733689
1044,14430.438124520,27.906959188,31.904733689
1045,14444.273635665,27.836959188,31.904733689
1046,14458.109146810,27.906959188,31.844733689
1047,14471.944657955,27.836959188,31.844733689
1048,14485.780169101,27.906959188,31.943890771
1049,14499.615680246,27.906959188,31.904733689
1050,14513.451191391,27.906959188,31.844733689
1051,14527.286702537,27.906959188,31.844733689
1052,14541.122213682,27.836959188,31.784733689
1053,14554.957724827,27.776959188,31.844733689
1054,14568.793235972,27.836959188,31.784733689
1055,14582.628747118,27.836959188,31.784733689
1056,14596.464258263,27.836959188,31.784733689
1057,14610.299769408,27.836959188,31.784733689
1058,14624.135280553,27.776959188,31.784733689
1059,14637.970791699,27.776959188,31.784733689
1060,14651.806302844,27.656959188,31.784733689
1061,14665.641813989,27.586959188,31.724733689
1062,14679.477325135,27.466959188,31.724733689
1063,14693.312836280,27.406959188,31.724733689
1064,14707.148347425,27.336959188,31.724733689
1065,14720.983858570,27.336959188,31.724733689
1066,14734.819369716,27.336959188,31.724733689
1067,14748.654880861,27.336959188,31.654733689
1068,14762.490392006,27.336959188,31.654733689
1069,14776.325903151,27.336959188,31.654733689
1070,14790.161414297,27.336959188,31.654733689
1071,14803.996925442,27.336959188,31.594733689
1072,14817.832436587,27.336959188,31.594733689
1073,14831.667947733,27.276959188,31.654733689
1074,14845.503458878,27.276959188,31.594733689
1075,14859.338970023,27.216959188,31.534733689
1076,14873.174481168,27.216959188,31.534733689
1077,14887.009992314,27.276959188,31.534733689
1078,14900.845503459,27.276959188,31.534733689
1079,14914.681014604,27.276959188,31.474733689
1080,14928.516525749,27.336959188,31.474733689
1081,14942.352036895,27.276959188,31.474733689
1082,14956.187548040,27.336959188,31.404733689
1083,14970.023059185,27.406959188,31.474733689
1084,14983.858570331,27.336959188,31.474733689
1085,14997.694081476,27.406959188,31.404733689
1086,15011.529592621,27.406959188,31.404733689
1087,15025.365103766,27.406959188,31.404733689
1088,15039.200614912,27.466959188,31.404733689
1089,15053.036126057,27.406959188,31.344733689
1090,15066.871637202,27.466959188,31.404733689
1091,15080.707148347,27.466959188,31.344733689
1092,15094.542659493,27.466959188,31.284733689
1093,15108.378170638,27.336959188,31.224733689
1094,15122.213681783,27.336959188,31.284733689
1095,15136.049192929,27.336959188,31.224733689
1096,15149.884704074,27.406959188,31.224733689
1097,15163.720215219,27.406959188,31.154733689
1098,15177.555726364,27.336959188,31.224733689
1099,15191.391237510,27.406959188,31.154733689
1100,15205.226748655,27.336959188,31.154733689
1101,15219.062259800,27.406959188,31.224733689
1102,15232.897770945,27.336959188,31.224733689
1103,15246.733282091,27.406959188,31.224733689
1104,15260.568793236,27.406959188,31.224733689
1105,15274.404304381,27.336959188,31.154733689
1106,15288.239815527,27.336959188,31.154733689
1107,15302.075326672,27.336959188,31.154733689
1108,15315.910837817,27.336959188,31.154733689
1109,15329.746348962,27.276959188,31.094733689
1110,15343.581860108,27.276959188,31.094733689
1111,15357.417371253,27.276959188,31.094733689
1112,15371.252882398,27.216959188,31.094733689
1113,15385.088393543,27.156959188,31.094733689
1114,15398.923904689,27.086959188,31.094733689
1115,15412.759415834,26.966959188,31.094733689
1116,15426.594926979,26.966959188,31.094733689
1117,15440.430438125,26.906959188,31.034733689
1118,15454.265949270,26.906959188,30.974733689
1119,15468.101460415,26.966959188,30.974733689
1120,15481.936971560,26.906959188,30.974733689
1121,15495.772482706,26.906959188,30.904733689
1122,15509.607993851,26.906959188,31.034733689
1123,15523.443504996,26.906959188,30.904733689
1124,15537.279016141,26.966959188,30.904733689
1125,15551.114527287,26.836959188,30.974733689
1126,15564.950038432,26.906959188,30.904733689
1127,15578.785549577,26.776959188,30.904733689
1128,15592.621060723,26.776959188,30.904733689
1129,15606.456571868,26.716959188,30.844733689
1130,15620.292083013,26.776959188,30.844733689
1131,15634.127594158,26.776959188,30.844733689
1132,15647.963105304,26.776959188,30.784733689
1133,15661.798616449,26.776959188,30.784733689
1134,15675.634127594,26.716959188,30.724733689
1135,15689.469638739,26.716959188,30.724733689
1136,15703.305149885,26.716959188,30.654733689
1137,15717.140661030,26.716959188,30.724733689
1138,15730.976172175,26.776959188,30.654733689
1139,15744.811683321,26.716959188,30.654733689
1140,15758.647194466,26.656959188,30.654733689
1141,15772.482705611,26.716959188,30.654733689
1142,15786.318216756,26.656959188,30.594733689
1143,15800.153727902,26.716959188,30.594733689
1144,15813.989239047,26.656959188,30.594733689
1145,15827.824750192,26.656959188,30.654733689
1146,15841.660261337,26.656959188,30.594733689
1147,15855.495772483,26.656959188,30.534733689
1148,15869.331283628,26.656959188,30.594733689
1149,15883.166794773,26.716959188,30.534733689
1150,15897.002305919,26.656959188,30.534733689
1151,15910.837817064,26.586959188,30.534733689
1152,15924.673328209,26.586959188,30.534733689
1153,15938.508839354,26.526959188,30.474733689
1154,15952.344350500,26.526959188,30.534733689
1155,15966.179861645,26.526959188,30.474733689
1156,15980.015372790,26.526959188,30.474733689
1157,15993.850883935,26.526959188,30.474733689
1158,16007.686395081,26.466959188,30.474733689
1159,16021.521906226,26.526959188,30.404733689
1160,16035.357417371,26.466959188,30.404733689
1161,16049.192928517,26.466959188,30.404733689
1162,16063.028439662,26.406959188,30.344733689
1163,16076.863950807,26.466959188,30.344733689
1164,16090.699461952,26.406959188,30.344733689
1165,16104.534973098,26.406959188,30.344733689
1166,16118.370484243,26.406959188,30.284733689
1167,16132.205995388,26.336959188,30.344733689
1168,16146.041506533,26.276959188,30.284733689
1169,16159.877017679,26.276959188,30.284733689
1170,16173.712528824,26.276959188,30.214733689
1171,16187.548039969,26.336959188,30.154733689
1172,16201.383551115,26.276959188,30.214733689
1173,16215.219062260,26.216959188,30.214733689
1174,16229.054573405,26.276959188,30.154733689
1175,16242.890084550,26.156959188,30.094733689
1176,16256.725595696,26.216959188,30.154733689
1177,16270.561106841,26.216959188,30.094733689
1178,16284.396617986,26.156959188,30.094733689
1179,16298.232129131,26.086959188,30.094733689
1180,16312.067640277,26.156959188,30.034733689
1181,16325.903151422,26.156959188,29.964733689
1182,16339.738662567,26.086959188,29.964733689
1183,16353.574173713,26.026959188,29.964733689
1184,16367.409684858,25.966959188,29.844733689
1185,16381.245196003,25.966959188,29.904733689
1186,16395.080707148,25.906959188,29.904733689
1187,16408.916218294,25.906959188,29.904733689
1188,16422.751729439,25.906959188,29.904733689
1189,16436.587240584,25.966959188,29.844733689
1190,16450.422751729,25.836959188,29.844733689
1191,16464.258262875,25.906959188,29.844733689
1192,16478.093774020,25.836959188,29.784733689
1193,16491.929285165,25.966959188,29.784733689
1194,16505.764796311,25.836959188,29.784733689
1195,16519.600307456,25.836959188,29.714733689
1196,16533.435818601,25.906959188,29.714733689
1197,16547.271329746,25.836959188,29.654733689
1198,16561.106840892,25.836959188,29.654733689
1199,16574.942352037,25.776959188,29.714733689
1200,16588.777863182,25.776959188,29.654733689
1201,16602.613374327,25.716959188,29.654733689
1202,16616.448885473,25.716959188,29.654733689
1203,16630.284396618,25.776959188,29.594733689
1204,16644.119907763,25.716959188,29.594733689
1205,16657.955418909,25.716959188,29.534733689
1206,16671.790930054,25.716959188,29.594733689
1207,16685.626441199,25.716959188,29.594733689
1208,16699.461952344,25.776959188,29.534733689
1209,16713.297463490,25.716959188,29.534733689
1210,16727.132974635,25.716959188,29.464733689
1211,16740.968485780,25.716959188,29.464733689
1212,16754.803996925,25.716959188,29.464733689
1213,16768.639508071,25.656959188,29.404733689
1214,16782.475019216,25.716959188,29.404733689
1215,16796.310530361,25.716959188,29.404733689
1216,16810.146041507,25.716959188,29.404733689
1217,16823.981552652,25.716959188,29.404733689
1218,16837.817063797,25.716959188,29.344733689
1219,16851.652574942,25.656959188,29.344733689
1220,16865.488086088,25.656959188,29.344733689
1221,16879.323597233,25.656959188,29.344733689
1222,16893.159108378,25.656959188,29.344733689
1223,16906.994619523,25.656959188,29.344733689
1224,16920.830130669,25.656959188,29.284733689
1225,16934.665641814,25.526959188,29.284733689
1226,16948.501152959,25.586959188,29.344733689
1227,16962.336664105,25.586959188,29.284733689
1228,16976.172175250,25.586959188,29.214733689
1229,16990.007686395,25.526959188,29.214733689
1230,17003.843197540,25.586959188,29.284733689
1231,17017.678708686,25.656959188,29.214733689
1232,17031.514219831,25.586959188,29.214733689
1233,17045.349730976,25.526959188,29.284733689
1234,17059.185242121,25.586959188,29.214733689
1235,17073.020753267,25.466959188,29.214733689
1236,17086.856264412,25.526959188,29.154733689
1237,17100.691775557,25.526959188,29.154733689
1238,17114.527286703,25.466959188,29.154733689
1239,17128.362797848,25.526959188,29.094733689
1240,17142.198308993,25.406959188,29.094733689
1241,17156.033820138,25.466959188,29.094733689
1242,17169.869331284,25.466959188,29.094733689
1243,17183.704842429,25.466959188,29.094733689
1244,17197.540353574,25.466959188,29.034733689
1245,17211.375864719,25.466959188,29.034733689
1246,17225.211375865,25.466959188,29.094733689
1247,17239.046887010,25.466959188,29.094733689
1248,17252.882398155,25.526959188,29.034733689
1249,17266.717909301,25.466959188,28.964733689
1250,17280.553420446,25.466959188,29.034733689
1251,17294.388931591,25.406959188,28.964733689
1252,17308.224442736,25.406959188,28.964733689
1253,17322.059953882,25.406959188,28.964733689
1254,17335.895465027,25.336959188,28.964733689
1255,17349.730976172,25.406959188,28.964733689
1256,17363.566487317,25.406959188,29.034733689
1257,17377.401998463,25.406959188,28.964733689
1258,17391.237509608,25.336959188,28.904733689
1259,17405.073020753,25.406959188,28.964733689
1260,17418.908531899,25.336959188,28.904733689
1261,17432.744043044,25.336959188,28.904733689
1262,17446.579554189,25.336959188,28.844733689
1263,17460.415065334,25.336959188,28.844733689
1264,17474.250576480,25.276959188,28.844733689
1265,17488.086087625,25.336959188,28.844733689
1266,17501.921598770,25.276959188,28.784733689
1267,17515.757109915,25.156959188,28.844733689
1268,17529.592621061,25.276959188,28.844733689
1269,17543.428132206,25.156959188,28.844733689
1270,17557.263643351,25.216959188,28.844733689
1271,17571.099154497,25.216959188,28.784733689
1272,17584.934665642,25.156959188,28.784733689
1273,17598.770176787,25.216959188,28.784733689
1274,17612.605687932,25.216959188,28.784733689
1275,17626.441199078,25.216959188,28.784733689
1276,17640.276710223,25.216959188,28.784733689
1277,17654.112221368,25.216959188,28.714733689
1278,17667.947732513,25.216959188,28.784733689
1279,17681.783243659,25.156959188,28.714733689
1280,17695.618754804,25.216959188,28.784733689
1281,17709.454265949,25.156959188,28.784733689
1282,17723.289777095,25.156959188,28.714733689
1283,17737.125288240,25.216959188,28.714733689
1284,17750.960799385,25.216959188,28.714733689
1285,17764.796310530,25.156959188,28.714733689
1286,17778.631821676,25.156959188,28.714733689
1287,17792.467332821,25.216959188,28.654733689
1288,17806.302843966,25.216959188,28.654733689
1289,17820.138355111,25.216959188,28.714733689
1290,17833.973866257,25.216959188,28.654733689
1291,17847.809377402,25.156959188,28.714733689
1292,17861.644888547,25.156959188,28.714733689
1293,17875.480399693,25.156959188,28.714733689
1294,17889.315910838,25.216959188,28.654733689
1295,17903.151421983,25.156959188,28.594733689
1296,17916.986933128,25.156959188,28.654733689
1297,17930.822444274,25.086959188,28.594733689
1298,17944.657955419,25.086959188,28.594733689
1299,17958.493466564,25.026959188,28.594733689
1300,17972.328977709,25.026959188,28.594733689
1301,17986.164488855,25.086959188,28.534733689
1302,18000.000000000,25.086959188,28.534733689
